T,2101,10.0,10.6,5,12,1000.0,0,0,G0,0
T,2102,10.0,9.4,5,12,1000.0,0,0,G0,0
T,2201,9.7,20.5,5,12,1000.0,0,0,G0,0
T,2202,11.1,19.9,5,12,1000.1,0,0,G0,0
T,2301,9.7,30.5,5,12,1000.0,0,0,G0,0
T,2302,10.3,29.5,5,12,1000.1,0,0,G0,0
T,2401,20.0,10.6,5,12,1000.0,0,0,G0,0
T,2402,21.0,9.4,5,12,1000.1,0,0,G0,0
T,2101,10.9,10.6,5,12,1000.1,0,0,G0,0
T,2102,10.9,9.4,5,12,1000.1,0,0,G0,0
T,2101,11.8,10.6,5,12,1000.2,0,0,G0,0
T,2102,11.8,9.4,5,12,1000.2,0,0,G0,0
T,2201,11.3,21.4,5,12,1000.2,0,0,G0,0
T,2202,12.6,20.8,5,12,1000.3,0,0,G0,0
T,2301,9.7,30.5,5,12,1000.2,0,0,G0,0
T,2302,10.4,29.5,5,12,1000.3,0,0,G0,0
T,2401,21.8,10.7,5,12,1000.2,0,0,G0,0
T,2402,22.9,9.5,5,12,1000.3,0,0,G0,0
T,2101,12.7,10.6,5,12,1000.3,0,0,G0,0
T,2102,12.7,9.4,5,12,1000.3,0,0,G0,0
T,2101,13.6,10.6,5,12,1000.4,0,0,G0,0
T,2102,13.6,9.4,5,12,1000.4,0,0,G0,0
T,2201,12.8,22.3,5,12,1000.4,0,0,G0,0
T,2202,14.2,21.7,5,12,1000.5,0,0,G0,0
T,2301,9.8,30.6,5,12,1000.4,0,0,G0,0
T,2302,10.5,29.6,5,12,1000.5,0,0,G0,0
T,2401,23.7,10.8,5,12,1000.4,0,0,G0,0
T,2402,24.8,9.8,5,12,1000.5,0,0,G0,0
T,2101,14.5,10.6,5,12,1000.5,0,0,G0,0
T,2102,14.5,9.4,5,12,1000.5,0,0,G0,0
T,2101,15.4,10.6,5,12,1000.6,0,0,G0,0
T,2102,15.4,9.4,5,12,1000.6,0,0,G0,0
T,2201,14.4,23.2,5,12,1000.6,0,0,G0,0
T,2202,15.8,22.6,5,12,1000.7,0,0,G0,0
T,2301,9.9,30.7,5,12,1000.6,0,0,G0,0
T,2302,10.6,29.7,5,12,1000.7,0,0,G0,0
T,2401,25.5,11.1,5,12,1000.6,0,0,G0,0
T,2402,26.7,10.1,5,12,1000.7,0,0,G0,0
T,2101,16.3,10.6,5,12,1000.7,0,0,G0,0
T,2102,16.3,9.4,5,12,1000.7,0,0,G0,0
T,2101,17.2,10.6,5,12,1000.8,0,0,G0,0
T,2102,17.2,9.4,5,12,1000.8,0,0,G0,0
T,2201,15.9,24.1,5,12,1000.8,0,0,G0,0
T,2202,17.3,23.5,5,12,1000.9,0,0,G0,0
T,2301,10.1,30.8,5,12,1000.8,0,0,G0,0
T,2302,10.8,29.8,5,12,1000.9,0,0,G0,0
T,2401,27.3,11.5,5,12,1000.8,0,0,G0,0
T,2402,28.5,10.6,5,12,1000.9,0,0,G0,0
T,2101,18.1,10.6,5,12,1000.9,0,0,G0,0
T,2102,18.1,9.4,5,12,1000.9,0,0,G0,0
T,2101,19.0,10.6,5,12,1001.0,0,0,G0,0
T,2102,19.0,9.4,5,12,1001.0,0,0,G0,0
T,2201,17.5,25.0,5,12,1001.0,0,0,G0,0
T,2202,18.9,24.4,5,12,1001.1,0,0,G0,0
T,2301,10.4,30.9,5,12,1001.0,0,0,G0,0
T,2302,11.1,30.0,5,12,1001.1,0,0,G0,0
T,2401,29.1,12.0,5,12,1001.0,0,0,G0,0
T,2402,30.4,11.2,5,12,1001.1,0,0,G0,0
T,2101,19.9,10.6,5,12,1001.1,0,0,G0,0
T,2102,19.9,9.4,5,12,1001.1,0,0,G0,0
T,2101,20.8,10.6,5,12,1001.2,0,0,G0,0
T,2102,20.8,9.4,5,12,1001.2,0,0,G0,0
T,2201,19.1,25.9,5,12,1001.2,0,0,G0,0
T,2202,20.4,25.3,5,12,1001.3,0,0,G0,0
T,2301,10.7,31.1,5,12,1001.2,0,0,G0,0
T,2302,11.4,30.1,5,12,1001.3,0,0,G0,0
T,2401,30.8,12.7,5,12,1001.2,0,0,G0,0
T,2402,32.2,11.9,5,12,1001.3,0,0,G0,0
T,2101,21.7,10.6,5,12,1001.3,0,0,G0,0
T,2102,21.7,9.4,5,12,1001.3,0,0,G0,0
T,2101,22.6,10.6,5,12,1001.4,0,0,G0,0
T,2102,22.6,9.4,5,12,1001.4,0,0,G0,0
T,2201,20.6,26.8,5,12,1001.4,0,0,G0,0
T,2202,22.0,26.2,5,12,1001.5,0,0,G0,0
T,2301,11.0,31.3,5,12,1001.4,0,0,G0,0
T,2302,11.8,30.3,5,12,1001.5,0,0,G0,0
T,2401,32.5,13.4,5,12,1001.4,0,0,G0,0
T,2402,33.9,12.7,5,12,1001.5,0,0,G0,0
T,2101,23.5,10.6,5,12,1001.5,0,0,G0,0
T,2102,23.5,9.4,5,12,1001.5,0,0,G0,0
T,2101,24.4,10.6,5,12,1001.6,0,0,G0,0
T,2102,24.4,9.4,5,12,1001.6,0,0,G0,0
T,2201,22.2,27.7,5,12,1001.6,0,0,G0,0
T,2202,23.6,27.1,5,12,1001.7,0,0,G0,0
T,2301,11.4,31.5,5,12,1001.6,0,0,G0,0
T,2302,12.2,30.6,5,12,1001.7,0,0,G0,0
T,2401,34.2,14.2,5,12,1001.6,0,0,G0,0
T,2402,35.6,13.7,5,12,1001.7,0,0,G0,0
T,2101,25.3,10.6,5,12,1001.7,0,0,G0,0
T,2102,25.3,9.4,5,12,1001.7,0,0,G0,0
T,2101,26.2,10.6,5,12,1001.8,0,0,G0,0
T,2102,26.2,9.4,5,12,1001.8,0,0,G0,0
T,2201,23.7,28.6,5,12,1001.8,0,0,G0,0
T,2202,25.1,28.0,5,12,1001.9,0,0,G0,0
T,2301,11.9,31.8,5,12,1001.8,0,0,G0,0
T,2302,12.7,30.9,5,12,1001.9,0,0,G0,0
T,2401,35.8,15.2,5,12,1001.8,0,0,G0,0
T,2402,37.2,14.7,5,12,1001.9,0,0,G0,0
T,2101,27.1,10.6,5,12,1001.9,0,0,G0,0
T,2102,27.1,9.4,5,12,1001.9,0,0,G0,0
T,2101,28.0,10.6,5,12,1002.0,0,0,G0,0
T,2102,28.0,9.4,5,12,1002.0,0,0,G0,0
T,2201,25.3,29.5,5,12,1002.0,0,0,G0,0
T,2202,26.7,28.9,5,12,1002.1,0,0,G0,0
T,2301,12.4,32.0,5,12,1002.0,0,0,G0,0
T,2302,13.2,31.2,5,12,1002.1,0,0,G0,0
T,2401,37.3,16.2,5,12,1002.0,0,0,G0,0
T,2402,38.8,15.8,5,12,1002.1,0,0,G0,0
T,2101,28.9,10.6,5,12,1002.1,0,0,G0,0
T,2102,28.9,9.4,5,12,1002.1,0,0,G0,0
T,2101,29.8,10.6,5,12,1002.2,0,0,G0,0
T,2102,29.8,9.4,5,12,1002.2,0,0,G0,0
T,2201,26.8,30.4,5,12,1002.2,0,0,G0,0
T,2202,28.2,29.8,5,12,1002.3,0,0,G0,0
T,2301,12.9,32.4,5,12,1002.2,0,0,G0,0
T,2302,13.8,31.5,5,12,1002.3,0,0,G0,0
T,2401,38.7,17.3,5,12,1002.2,0,0,G0,0
T,2402,40.2,17.0,5,12,1002.3,0,0,G0,0
T,2101,30.7,10.6,5,12,1002.3,0,0,G0,0
T,2102,30.7,9.4,5,12,1002.3,0,0,G0,0
T,2101,31.6,10.6,5,12,1002.4,0,0,G0,0
T,2102,31.6,9.4,5,12,1002.4,0,0,G0,0
T,2201,28.4,31.3,5,12,1002.4,0,0,G0,0
T,2202,29.8,30.7,5,12,1002.5,0,0,G0,0
T,2301,13.5,32.7,5,12,1002.4,0,0,G0,0
T,2302,14.4,31.9,5,12,1002.5,0,0,G0,0
T,2401,40.1,18.6,5,12,1002.4,0,0,G0,0
T,2402,41.6,18.4,5,12,1002.5,0,0,G0,0
T,2101,32.5,10.6,5,12,1002.5,0,0,G0,0
T,2102,32.5,9.4,5,12,1002.5,0,0,G0,0
T,2101,33.4,10.6,5,12,1002.6,0,0,G0,0
T,2102,33.4,9.4,5,12,1002.6,0,0,G0,0
T,2201,30.0,32.2,5,12,1002.6,0,0,G0,0
T,2202,31.3,31.6,5,12,1002.7,0,0,G0,0
T,2301,14.2,33.1,5,12,1002.6,0,0,G0,0
T,2302,15.1,32.3,5,12,1002.7,0,0,G0,0
T,2401,41.4,19.9,5,12,1002.6,0,0,G0,0
T,2402,43.0,19.8,5,12,1002.7,0,0,G0,0
T,2101,34.3,10.6,5,12,1002.7,0,0,G0,0
T,2102,34.3,9.4,5,12,1002.7,0,0,G0,0
T,2101,35.2,10.6,5,12,1002.8,0,0,G0,0
T,2102,35.2,9.4,5,12,1002.8,0,0,G0,0
T,2201,31.5,33.1,5,12,1002.8,0,0,G0,0
T,2202,32.9,32.5,5,12,1002.9,0,0,G0,0
T,2301,14.9,33.5,5,12,1002.8,0,0,G0,0
T,2302,15.8,32.7,5,12,1002.9,0,0,G0,0
T,2401,42.7,21.3,5,12,1002.8,0,0,G0,0
T,2402,44.2,21.2,5,12,1002.9,0,0,G0,0
T,2101,36.1,10.6,5,12,1002.9,0,0,G0,0
T,2102,36.1,9.4,5,12,1002.9,0,0,G0,0
T,2101,37.0,10.6,5,12,1003.0,0,0,G0,0
T,2102,37.0,9.4,5,12,1003.0,0,0,G0,0
T,2201,33.1,34.0,5,12,1003.0,0,0,G0,0
T,2202,34.5,33.4,5,12,1003.1,0,0,G0,0
T,2301,15.6,33.9,5,12,1003.0,0,0,G0,0
T,2302,16.6,33.1,5,12,1003.1,0,0,G0,0
T,2401,43.8,22.7,5,12,1003.0,0,0,G0,0
T,2402,45.3,22.8,5,12,1003.1,0,0,G0,0
T,2101,37.9,10.6,5,12,1003.1,0,0,G0,0
T,2102,37.9,9.4,5,12,1003.1,0,0,G0,0
T,2101,38.8,10.6,5,12,1003.2,0,0,G0,0
T,2102,38.8,9.4,5,12,1003.2,0,0,G0,0
T,2201,34.6,34.9,5,12,1003.2,0,0,G0,0
T,2202,36.0,34.3,5,12,1003.3,0,0,G0,0
T,2301,16.4,34.4,5,12,1003.2,0,0,G0,0
T,2302,17.5,33.6,5,12,1003.3,0,0,G0,0
T,2401,44.8,24.2,5,12,1003.2,0,0,G0,0
T,2402,46.3,24.4,5,12,1003.3,0,0,G0,0
T,2101,39.7,10.6,5,12,1003.3,0,0,G0,0
T,2102,39.7,9.4,5,12,1003.3,0,0,G0,0
T,2101,40.6,10.6,5,12,1003.4,0,0,G0,0
T,2102,40.6,9.4,5,12,1003.4,0,0,G0,0
T,2201,36.2,35.8,5,12,1003.4,0,0,G0,0
T,2202,37.6,35.2,5,12,1003.5,0,0,G0,0
T,2301,17.3,34.9,5,12,1003.4,0,0,G0,0
T,2302,18.3,34.1,5,12,1003.5,0,0,G0,0
T,2401,45.8,25.8,5,12,1003.4,0,0,G0,0
T,2402,47.3,26.1,5,12,1003.5,0,0,G0,0
T,2101,41.5,10.6,5,12,1003.5,0,0,G0,0
T,2102,41.5,9.4,5,12,1003.5,0,0,G0,0
T,2101,42.4,10.6,5,12,1003.6,0,0,G0,0
T,2102,42.4,9.4,5,12,1003.6,0,0,G0,0
T,2201,37.8,36.7,5,12,1003.6,0,0,G0,0
T,2202,39.1,36.1,5,12,1003.7,0,0,G0,0
T,2301,18.2,35.4,5,12,1003.6,0,0,G0,0
T,2302,19.3,34.7,5,12,1003.7,0,0,G0,0
T,2401,46.6,27.5,5,12,1003.6,0,0,G0,0
T,2402,48.1,27.8,5,12,1003.7,0,0,G0,0
T,2101,43.3,10.6,5,12,1003.7,0,0,G0,0
T,2102,43.3,9.4,5,12,1003.7,0,0,G0,0
T,2101,44.2,10.6,5,12,1003.8,0,0,G0,0
T,2102,44.2,9.4,5,12,1003.8,0,0,G0,0
T,2201,39.3,37.6,5,12,1003.8,0,0,G0,0
T,2202,40.7,37.0,5,12,1003.9,0,0,G0,0
T,2301,19.2,36.0,5,12,1003.8,0,0,G0,0
T,2302,20.3,35.2,5,12,1003.9,0,0,G0,0
T,2401,47.3,29.2,5,12,1003.8,0,0,G0,0
T,2402,48.8,29.6,5,12,1003.9,0,0,G0,0
T,2101,45.1,10.6,5,12,1003.9,0,0,G0,0
T,2102,45.1,9.4,5,12,1003.9,0,0,G0,0
T,2101,46.0,10.6,5,12,1004.0,0,0,G0,0
T,2102,46.0,9.4,5,12,1004.0,0,0,G0,0
T,2201,40.9,38.5,5,12,1004.0,0,0,G0,0
T,2202,42.3,37.9,5,12,1004.1,0,0,G0,0
T,2301,20.2,36.6,5,12,1004.0,0,0,G0,0
T,2302,21.3,35.8,5,12,1004.1,0,0,G0,0
T,2401,48.0,30.9,5,12,1004.0,0,0,G0,0
T,2402,49.4,31.5,5,12,1004.1,0,0,G0,0
T,2101,46.9,10.6,5,12,1004.1,0,0,G0,0
T,2102,46.9,9.4,5,12,1004.1,0,0,G0,0
T,2101,47.8,10.6,5,12,1004.2,0,0,G0,0
T,2102,47.8,9.4,5,12,1004.2,0,0,G0,0
T,2201,42.4,39.4,5,12,1004.2,0,0,G0,0
T,2202,43.8,38.8,5,12,1004.3,0,0,G0,0
T,2301,21.3,37.2,5,12,1004.2,0,0,G0,0
T,2302,22.4,36.5,5,12,1004.3,0,0,G0,0
T,2401,48.5,32.7,5,12,1004.2,0,0,G0,0
T,2402,49.9,33.3,5,12,1004.3,0,0,G0,0
T,2101,48.7,10.6,5,12,1004.3,0,0,G0,0
T,2102,48.7,9.4,5,12,1004.3,0,0,G0,0
T,2101,49.6,10.6,5,12,1004.4,0,0,G0,0
T,2102,49.6,9.4,5,12,1004.4,0,0,G0,0
T,2201,44.0,40.3,5,12,1004.4,0,0,G0,0
T,2202,45.4,39.7,5,12,1004.5,0,0,G0,0
T,2301,22.4,37.8,5,12,1004.4,0,0,G0,0
T,2302,23.6,37.1,5,12,1004.5,0,0,G0,0
T,2401,48.9,34.5,5,12,1004.4,0,0,G0,0
T,2402,50.2,35.2,5,12,1004.5,0,0,G0,0
T,2101,50.5,10.6,5,12,1004.5,0,0,G0,0
T,2102,50.5,9.4,5,12,1004.5,0,0,G0,0
T,2101,51.4,10.6,5,12,1004.6,0,0,G0,0
T,2102,51.4,9.4,5,12,1004.6,0,0,G0,0
T,2201,45.6,41.2,5,12,1004.6,0,0,G0,0
T,2202,46.9,40.6,5,12,1004.7,0,0,G0,0
T,2301,23.6,38.5,5,12,1004.6,0,0,G0,0
T,2302,24.8,37.8,5,12,1004.7,0,0,G0,0
T,2401,49.2,36.3,5,12,1004.6,0,0,G0,0
T,2402,50.5,37.1,5,12,1004.7,0,0,G0,0
T,2101,52.3,10.6,5,12,1004.7,0,0,G0,0
T,2102,52.3,9.4,5,12,1004.7,0,0,G0,0
T,2101,53.2,10.6,5,12,1004.8,0,0,G0,0
T,2102,53.2,9.4,5,12,1004.8,0,0,G0,0
T,2201,47.1,42.1,5,12,1004.8,0,0,G0,0
T,2202,48.5,41.5,5,12,1004.9,0,0,G0,0
T,2301,24.8,39.2,5,12,1004.8,0,0,G0,0
T,2302,26.0,38.6,5,12,1004.9,0,0,G0,0
T,2401,49.3,38.2,5,12,1004.8,0,0,G0,0
T,2402,50.6,39.0,5,12,1004.9,0,0,G0,0
T,2101,54.1,10.6,5,12,1004.9,0,0,G0,0
T,2102,54.1,9.4,5,12,1004.9,0,0,G0,0
T,2101,55.0,10.6,5,12,1005.0,0,0,G0,0
T,2102,55.0,9.4,5,12,1005.0,0,0,G0,0
T,2201,48.7,43.0,5,12,1005.0,0,0,G0,0
T,2202,50.1,42.4,5,12,1005.1,0,0,G0,0
T,2301,26.1,40.0,5,12,1005.0,0,0,G0,0
T,2302,27.3,39.3,5,12,1005.1,0,0,G0,0
T,2401,49.4,40.0,5,12,1005.0,0,0,G0,0
T,2402,50.6,41.0,5,12,1005.1,0,0,G0,0
T,2101,55.9,10.6,5,12,1005.1,0,0,G0,0
T,2102,55.9,9.4,5,12,1005.1,0,0,G0,0
T,2101,56.8,10.6,5,12,1005.2,0,0,G0,0
T,2102,56.8,9.4,5,12,1005.2,0,0,G0,0
T,2201,50.2,43.9,5,12,1005.2,0,0,G0,0
T,2202,51.6,43.3,5,12,1005.3,0,0,G0,0
T,2301,27.4,40.7,5,12,1005.2,0,0,G0,0
T,2302,28.7,40.1,5,12,1005.3,0,0,G0,0
T,2401,49.3,41.8,5,12,1005.2,0,0,G0,0
T,2402,50.5,42.9,5,12,1005.3,0,0,G0,0
T,2101,57.7,10.6,5,12,1005.3,0,0,G0,0
T,2102,57.7,9.4,5,12,1005.3,0,0,G0,0
T,2101,58.6,10.6,5,12,1005.4,0,0,G0,0
T,2102,58.6,9.4,5,12,1005.4,0,0,G0,0
T,2201,51.8,44.8,5,12,1005.4,0,0,G0,0
T,2202,53.2,44.2,5,12,1005.5,0,0,G0,0
T,2301,28.8,41.5,5,12,1005.4,0,0,G0,0
T,2302,30.1,40.9,5,12,1005.5,0,0,G0,0
T,2401,49.2,43.7,5,12,1005.4,0,0,G0,0
T,2402,50.2,44.8,5,12,1005.5,0,0,G0,0
T,2101,59.5,10.6,5,12,1005.5,0,0,G0,0
T,2102,59.5,9.4,5,12,1005.5,0,0,G0,0
T,2101,60.4,10.6,5,12,1005.6,0,0,G0,0
T,2102,60.4,9.4,5,12,1005.6,0,0,G0,0
T,2201,53.3,45.7,5,12,1005.6,0,0,G0,0
T,2202,54.7,45.1,5,12,1005.7,0,0,G0,0
T,2301,30.2,42.4,5,12,1005.6,0,0,G0,0
T,2302,31.6,41.7,5,12,1005.7,0,0,G0,0
T,2401,48.9,45.5,5,12,1005.6,0,0,G0,0
T,2402,49.9,46.7,5,12,1005.7,0,0,G0,0
T,2101,61.3,10.6,5,12,1005.7,0,0,G0,0
T,2102,61.3,9.4,5,12,1005.7,0,0,G0,0
T,2101,62.2,10.6,5,12,1005.8,0,0,G0,0
T,2102,62.2,9.4,5,12,1005.8,0,0,G0,0
T,2201,54.9,46.6,5,12,1005.8,0,0,G0,0
T,2202,56.3,46.0,5,12,1005.9,0,0,G0,0
T,2301,31.7,43.2,5,12,1005.8,0,0,G0,0
T,2302,33.1,42.6,5,12,1005.9,0,0,G0,0
T,2401,48.5,47.3,5,12,1005.8,0,0,G0,0
T,2402,49.4,48.5,5,12,1005.9,0,0,G0,0
T,2101,63.1,10.6,5,12,1005.9,0,0,G0,0
T,2102,63.1,9.4,5,12,1005.9,0,0,G0,0
T,2101,64.0,10.6,5,12,1006.0,0,0,G0,0
T,2102,64.0,9.4,5,12,1006.0,0,0,G0,0
T,2201,56.5,47.5,5,12,1006.0,0,0,G0,0
T,2202,57.8,46.9,5,12,1006.1,0,0,G0,0
T,2301,33.2,44.1,5,12,1006.0,0,0,G0,0
T,2302,34.6,43.5,5,12,1006.1,0,0,G0,0
T,2401,48.0,49.1,5,12,1006.0,0,0,G0,0
T,2402,48.8,50.4,5,12,1006.1,0,0,G0,0
T,2101,64.9,10.6,5,12,1006.1,0,0,G0,0
T,2102,64.9,9.4,5,12,1006.1,0,0,G0,0
T,2101,65.8,10.6,5,12,1006.2,0,0,G0,0
T,2102,65.8,9.4,5,12,1006.2,0,0,G0,0
T,2201,58.0,48.4,5,12,1006.2,0,0,G0,0
T,2202,59.4,47.8,5,12,1006.3,0,0,G0,0
T,2301,34.8,45.0,5,12,1006.2,0,0,G0,0
T,2302,36.2,44.5,5,12,1006.3,0,0,G0,0
T,2401,47.3,50.8,5,12,1006.2,0,0,G0,0
T,2402,48.1,52.2,5,12,1006.3,0,0,G0,0
T,2101,66.7,10.6,5,12,1006.3,0,0,G0,0
T,2102,66.7,9.4,5,12,1006.3,0,0,G0,0
T,2101,67.6,10.6,5,12,1006.4,0,0,G0,0
T,2102,67.6,9.4,5,12,1006.4,0,0,G0,0
T,2201,59.6,49.3,5,12,1006.4,0,0,G0,0
T,2202,61.0,48.7,5,12,1006.5,0,0,G0,0
T,2301,36.5,46.0,5,12,1006.4,0,0,G0,0
T,2302,37.9,45.4,5,12,1006.5,0,0,G0,0
T,2401,46.6,52.5,5,12,1006.4,0,0,G0,0
T,2402,47.3,53.9,5,12,1006.5,0,0,G0,0
T,2101,68.5,10.6,5,12,1006.5,0,0,G0,0
T,2102,68.5,9.4,5,12,1006.5,0,0,G0,0
T,2101,69.4,10.6,5,12,1006.6,0,0,G0,0
T,2102,69.4,9.4,5,12,1006.6,0,0,G0,0
T,2201,61.1,50.2,5,12,1006.6,0,0,G0,0
T,2202,62.5,49.6,5,12,1006.7,0,0,G0,0
T,2301,38.2,47.0,5,12,1006.6,0,0,G0,0
T,2302,39.6,46.4,5,12,1006.7,0,0,G0,0
T,2401,45.8,54.2,5,12,1006.6,0,0,G0,0
T,2402,46.3,55.6,5,12,1006.7,0,0,G0,0
T,2101,70.3,10.6,5,12,1006.7,0,0,G0,0
T,2102,70.3,9.4,5,12,1006.7,0,0,G0,0
T,2101,71.2,10.6,5,12,1006.8,0,0,G0,0
T,2102,71.2,9.4,5,12,1006.8,0,0,G0,0
T,2201,62.7,51.1,5,12,1006.8,0,0,G0,0
T,2202,64.1,50.5,5,12,1006.9,0,0,G0,0
T,2301,39.9,48.0,5,12,1006.8,0,0,G0,0
T,2302,41.4,47.4,5,12,1006.9,0,0,G0,0
T,2401,44.8,55.8,5,12,1006.8,0,0,G0,0
T,2402,45.3,57.2,5,12,1006.9,0,0,G0,0
T,2101,72.1,10.6,5,12,1006.9,0,0,G0,0
T,2102,72.1,9.4,5,12,1006.9,0,0,G0,0
T,2101,73.0,10.6,5,12,1007.0,0,0,G0,0
T,2102,73.0,9.4,5,12,1007.0,0,0,G0,0
T,2201,64.3,52.0,5,12,1007.0,0,0,G0,0
T,2202,65.6,51.4,5,12,1007.1,0,0,G0,0
T,2301,41.7,49.0,5,12,1007.0,0,0,G0,0
T,2302,43.2,48.5,5,12,1007.1,0,0,G0,0
T,2401,43.8,57.3,5,12,1007.0,0,0,G0,0
T,2402,44.2,58.8,5,12,1007.1,0,0,G0,0
T,2101,73.9,10.6,5,12,1007.1,0,0,G0,0
T,2102,73.9,9.4,5,12,1007.1,0,0,G0,0
T,2101,74.8,10.6,5,12,1007.2,0,0,G0,0
T,2102,74.8,9.4,5,12,1007.2,0,0,G0,0
T,2201,65.8,52.9,5,12,1007.2,0,0,G0,0
T,2202,67.2,52.3,5,12,1007.3,0,0,G0,0
T,2301,43.6,50.1,5,12,1007.2,0,0,G0,0
T,2302,45.1,49.6,5,12,1007.3,0,0,G0,0
T,2401,42.7,58.7,5,12,1007.2,0,0,G0,0
T,2402,43.0,60.2,5,12,1007.3,0,0,G0,0
T,2101,75.7,10.6,5,12,1007.3,0,0,G0,0
T,2102,75.7,9.4,5,12,1007.3,0,0,G0,0
T,2101,76.6,10.6,5,12,1007.4,0,0,G0,0
T,2102,76.6,9.4,5,12,1007.4,0,0,G0,0
T,2201,67.4,53.8,5,12,1007.4,0,0,G0,0
T,2202,68.8,53.2,5,12,1007.5,0,0,G0,0
T,2301,45.5,51.2,5,12,1007.4,0,0,G0,0
T,2302,47.0,50.7,5,12,1007.5,0,0,G0,0
T,2401,41.4,60.1,5,12,1007.4,0,0,G0,0
T,2402,41.6,61.6,5,12,1007.5,0,0,G0,0
T,2101,77.5,10.6,5,12,1007.5,0,0,G0,0
T,2102,77.5,9.4,5,12,1007.5,0,0,G0,0
T,2101,78.4,10.6,5,12,1007.6,0,0,G0,0
T,2102,78.4,9.4,5,12,1007.6,0,0,G0,0
T,2201,68.9,54.7,5,12,1007.6,0,0,G0,0
T,2202,70.3,54.1,5,12,1007.7,0,0,G0,0
T,2301,47.4,52.3,5,12,1007.6,0,0,G0,0
T,2302,49.0,51.8,5,12,1007.7,0,0,G0,0
T,2401,40.1,61.4,5,12,1007.6,0,0,G0,0
T,2402,40.2,63.0,5,12,1007.7,0,0,G0,0
T,2101,79.3,10.6,5,12,1007.7,0,0,G0,0
T,2102,79.3,9.4,5,12,1007.7,0,0,G0,0
T,2101,80.2,10.6,5,12,1007.8,0,0,G0,0
T,2102,80.2,9.4,5,12,1007.8,0,0,G0,0
T,2201,70.5,55.6,5,12,1007.8,0,0,G0,0
T,2202,71.9,55.0,5,12,1007.9,0,0,G0,0
T,2301,49.4,53.5,5,12,1007.8,0,0,G0,0
T,2302,51.0,53.0,5,12,1007.9,0,0,G0,0
T,2401,38.7,62.7,5,12,1007.8,0,0,G0,0
T,2402,38.8,64.2,5,12,1007.9,0,0,G0,0
T,2101,81.1,10.6,5,12,1007.9,0,0,G0,0
T,2102,81.1,9.4,5,12,1007.9,0,0,G0,0
T,2101,82.0,10.6,5,12,1008.0,0,0,G0,0
T,2102,82.0,9.4,5,12,1008.0,0,0,G0,0
T,2201,72.1,56.5,5,12,1008.0,0,0,G0,0
T,2202,73.4,55.9,5,12,1008.1,0,0,G0,0
T,2301,51.5,54.6,5,12,1008.0,0,0,G0,0
T,2302,53.1,54.2,5,12,1008.1,0,0,G0,0
T,2401,37.3,63.8,5,12,1008.0,0,0,G0,0
T,2402,37.2,65.3,5,12,1008.1,0,0,G0,0
T,2101,82.9,10.6,5,12,1008.1,0,0,G0,0
T,2102,82.9,9.4,5,12,1008.1,0,0,G0,0
T,2101,83.8,10.6,5,12,1008.2,0,0,G0,0
T,2102,83.8,9.4,5,12,1008.2,0,0,G0,0
T,2201,73.6,57.4,5,12,1008.2,0,0,G0,0
T,2202,75.0,56.8,5,12,1008.3,0,0,G0,0
T,2301,53.6,55.9,5,12,1008.2,0,0,G0,0
T,2302,55.3,55.4,5,12,1008.3,0,0,G0,0
T,2401,35.8,64.8,5,12,1008.2,0,0,G0,0
T,2402,35.6,66.3,5,12,1008.3,0,0,G0,0
T,2101,84.7,10.6,5,12,1008.3,0,0,G0,0
T,2102,84.7,9.4,5,12,1008.3,0,0,G0,0
T,2101,85.6,10.6,5,12,1008.4,0,0,G0,0
T,2102,85.6,9.4,5,12,1008.4,0,0,G0,0
T,2201,75.2,58.3,5,12,1008.4,0,0,G0,0
T,2202,76.6,57.7,5,12,1008.5,0,0,G0,0
T,2301,55.7,57.1,5,12,1008.4,0,0,G0,0
T,2302,57.4,56.7,5,12,1008.5,0,0,G0,0
T,2401,34.2,65.8,5,12,1008.4,0,0,G0,0
T,2402,33.9,67.3,5,12,1008.5,0,0,G0,0
T,2101,86.5,10.6,5,12,1008.5,0,0,G0,0
T,2102,86.5,9.4,5,12,1008.5,0,0,G0,0
T,2101,87.4,10.6,5,12,1008.6,0,0,G0,0
T,2102,87.4,9.4,5,12,1008.6,0,0,G0,0
T,2201,76.7,59.2,5,12,1008.6,0,0,G0,0
T,2202,78.1,58.6,5,12,1008.7,0,0,G0,0
T,2301,58.0,58.4,5,12,1008.6,0,0,G0,0
T,2302,59.7,58.0,5,12,1008.7,0,0,G0,0
T,2401,32.5,66.6,5,12,1008.6,0,0,G0,0
T,2402,32.2,68.1,5,12,1008.7,0,0,G0,0
T,2101,88.3,10.6,5,12,1008.7,0,0,G0,0
T,2102,88.3,9.4,5,12,1008.7,0,0,G0,0
T,2101,89.2,10.6,5,12,1008.8,0,0,G0,0
T,2102,89.2,9.4,5,12,1008.8,0,0,G0,0
T,2201,78.3,60.1,5,12,1008.8,0,0,G0,0
T,2202,79.7,59.5,5,12,1008.9,0,0,G0,0
T,2301,60.2,59.7,5,12,1008.8,0,0,G0,0
T,2302,62.0,59.3,5,12,1008.9,0,0,G0,0
T,2401,30.8,67.3,5,12,1008.8,0,0,G0,0
T,2402,30.4,68.8,5,12,1008.9,0,0,G0,0
T,2101,90.1,10.6,5,12,1008.9,0,0,G0,0
T,2102,90.1,9.4,5,12,1008.9,0,0,G0,0
T,2101,91.0,10.6,5,12,1009.0,0,0,G0,0
T,2102,91.0,9.4,5,12,1009.0,0,0,G0,0
T,2201,79.8,61.0,5,12,1009.0,0,0,G0,0
T,2202,81.2,60.4,5,12,1009.1,0,0,G0,0
T,2301,62.5,61.0,5,12,1009.0,0,0,G0,0
T,2302,64.3,60.7,5,12,1009.1,0,0,G0,0
T,2401,29.1,68.0,5,12,1009.0,0,0,G0,0
T,2402,28.5,69.4,5,12,1009.1,0,0,G0,0
T,2101,91.9,10.6,5,12,1009.1,0,0,G0,0
T,2102,91.9,9.4,5,12,1009.1,0,0,G0,0
T,2101,92.8,10.6,5,12,1009.2,0,0,G0,0
T,2102,92.8,9.4,5,12,1009.2,0,0,G0,0
T,2201,81.4,61.9,5,12,1009.2,0,0,G0,0
T,2202,82.8,61.3,5,12,1009.3,0,0,G0,0
T,2301,64.9,62.4,5,12,1009.2,0,0,G0,0
T,2302,66.7,62.1,5,12,1009.3,0,0,G0,0
T,2401,27.3,68.5,5,12,1009.2,0,0,G0,0
T,2402,26.7,69.9,5,12,1009.3,0,0,G0,0
T,2101,93.7,10.6,5,12,1009.3,0,0,G0,0
T,2102,93.7,9.4,5,12,1009.3,0,0,G0,0
T,2101,94.6,10.6,5,12,1009.4,0,0,G0,0
T,2102,94.6,9.4,5,12,1009.4,0,0,G0,0
T,2201,83.0,62.8,5,12,1009.4,0,0,G0,0
T,2202,84.3,62.2,5,12,1009.5,0,0,G0,0
T,2301,67.3,63.8,5,12,1009.4,0,0,G0,0
T,2302,69.2,63.5,5,12,1009.5,0,0,G0,0
T,2401,25.5,68.9,5,12,1009.4,0,0,G0,0
T,2402,24.8,70.2,5,12,1009.5,0,0,G0,0
T,2101,95.5,10.6,5,12,1009.5,0,0,G0,0
T,2102,95.5,9.4,5,12,1009.5,0,0,G0,0
T,2101,96.4,10.6,5,12,1009.6,0,0,G0,0
T,2102,96.4,9.4,5,12,1009.6,0,0,G0,0
T,2201,84.5,63.7,5,12,1009.6,0,0,G0,0
T,2202,85.9,63.1,5,12,1009.7,0,0,G0,0
T,2301,69.8,65.2,5,12,1009.6,0,0,G0,0
T,2302,71.7,64.9,5,12,1009.7,0,0,G0,0
T,2401,23.7,69.2,5,12,1009.6,0,0,G0,0
T,2402,22.9,70.5,5,12,1009.7,0,0,G0,0
T,2101,97.3,10.6,5,12,1009.7,0,0,G0,0
T,2102,97.3,9.4,5,12,1009.7,0,0,G0,0
T,2101,98.2,10.6,5,12,1009.8,0,0,G0,0
T,2102,98.2,9.4,5,12,1009.8,0,0,G0,0
T,2201,86.1,64.6,5,12,1009.8,0,0,G0,0
T,2202,87.5,64.0,5,12,1009.9,0,0,G0,0
T,2301,72.3,66.7,5,12,1009.8,0,0,G0,0
T,2302,74.2,66.4,5,12,1009.9,0,0,G0,0
T,2401,21.8,69.3,5,12,1009.8,0,0,G0,0
T,2402,21.0,70.6,5,12,1009.9,0,0,G0,0
T,2101,99.1,10.6,5,12,1009.9,0,0,G0,0
T,2102,99.1,9.4,5,12,1009.9,0,0,G0,0
T,2101,100.0,10.6,5,12,1010.0,0,0,G0,0
T,2102,100.0,9.4,5,12,1010.0,0,0,G0,0
T,2201,87.6,65.5,5,12,1010.0,0,0,G0,0
T,2202,89.0,64.9,5,12,1010.1,0,0,G0,0
T,2301,74.9,68.2,5,12,1010.0,0,0,G0,0
T,2302,76.8,67.9,5,12,1010.1,0,0,G0,0
T,2401,20.0,69.4,5,12,1010.0,0,0,G0,0
T,2402,19.0,70.6,5,12,1010.1,0,0,G0,0
T,2101,100.9,10.6,5,12,1010.1,0,0,G0,0
T,2102,100.9,9.4,5,12,1010.1,0,0,G0,0
T,2101,101.8,10.6,5,12,1010.2,0,0,G0,0
T,2102,101.8,9.4,5,12,1010.2,0,0,G0,0
T,2201,89.2,66.4,5,12,1010.2,0,0,G0,0
T,2202,90.6,65.8,5,12,1010.3,0,0,G0,0
T,2301,77.5,69.7,5,12,1010.2,0,0,G0,0
T,2302,79.5,69.4,5,12,1010.3,0,0,G0,0
T,2401,18.2,69.3,5,12,1010.2,0,0,G0,0
T,2402,17.1,70.5,5,12,1010.3,0,0,G0,0
T,2101,102.7,10.6,5,12,1010.3,0,0,G0,0
T,2102,102.7,9.4,5,12,1010.3,0,0,G0,0
T,2101,103.6,10.6,5,12,1010.4,0,0,G0,0
T,2102,103.6,9.4,5,12,1010.4,0,0,G0,0
T,2201,90.8,67.3,5,12,1010.4,0,0,G0,0
T,2202,92.1,66.7,5,12,1010.5,0,0,G0,0
T,2301,80.2,71.2,5,12,1010.4,0,0,G0,0
T,2302,82.2,71.0,5,12,1010.5,0,0,G0,0
T,2401,16.3,69.2,5,12,1010.4,0,0,G0,0
T,2402,15.2,70.2,5,12,1010.5,0,0,G0,0
T,2101,104.5,10.6,5,12,1010.5,0,0,G0,0
T,2102,104.5,9.4,5,12,1010.5,0,0,G0,0
T,2101,105.4,10.6,5,12,1010.6,0,0,G0,0
T,2102,105.4,9.4,5,12,1010.6,0,0,G0,0
T,2201,92.3,68.2,5,12,1010.6,0,0,G0,0
T,2202,93.7,67.6,5,12,1010.7,0,0,G0,0
T,2301,83.0,72.8,5,12,1010.6,0,0,G0,0
T,2302,84.9,72.6,5,12,1010.7,0,0,G0,0
T,2401,14.5,68.9,5,12,1010.6,0,0,G0,0
T,2402,13.3,69.9,5,12,1010.7,0,0,G0,0
T,2101,106.3,10.6,5,12,1010.7,0,0,G0,0
T,2102,106.3,9.4,5,12,1010.7,0,0,G0,0
T,2101,107.2,10.6,5,12,1010.8,0,0,G0,0
T,2102,107.2,9.4,5,12,1010.8,0,0,G0,0
T,2201,93.9,69.1,5,12,1010.8,0,0,G0,0
T,2202,95.3,68.5,5,12,1010.9,0,0,G0,0
T,2301,85.7,74.4,5,12,1010.8,0,0,G0,0
T,2302,87.8,74.2,5,12,1010.9,0,0,G0,0
T,2401,12.7,68.5,5,12,1010.8,0,0,G0,0
T,2402,11.5,69.4,5,12,1010.9,0,0,G0,0
T,2101,108.1,10.6,5,12,1010.9,0,0,G0,0
T,2102,108.1,9.4,5,12,1010.9,0,0,G0,0
T,2101,109.0,10.6,5,12,1011.0,0,0,G0,0
T,2102,109.0,9.4,5,12,1011.0,0,0,G0,0
T,2201,95.4,70.0,5,12,1011.0,0,0,G0,0
T,2202,96.8,69.4,5,12,1011.1,0,0,G0,0
T,2301,88.6,76.1,5,12,1011.0,0,0,G0,0
T,2302,90.6,75.9,5,12,1011.1,0,0,G0,0
T,2401,10.9,68.0,5,12,1011.0,0,0,G0,0
T,2402,9.6,68.8,5,12,1011.1,0,0,G0,0
T,2101,109.9,10.6,5,12,1011.1,0,0,G0,0
T,2102,109.9,9.4,5,12,1011.1,0,0,G0,0
T,2101,110.8,10.6,5,12,1011.2,0,0,G0,0
T,2102,110.8,9.4,5,12,1011.2,0,0,G0,0
T,2201,97.0,70.9,5,12,1011.2,0,0,G0,0
T,2202,98.4,70.3,5,12,1011.3,0,0,G0,0
T,2301,91.5,77.7,5,12,1011.2,0,0,G0,0
T,2302,93.5,77.5,5,12,1011.3,0,0,G0,0
T,2401,9.2,67.3,5,12,1011.2,0,0,G0,0
T,2402,7.8,68.1,5,12,1011.3,0,0,G0,0
T,2101,111.7,10.6,5,12,1011.3,0,0,G0,0
T,2102,111.7,9.4,5,12,1011.3,0,0,G0,0
T,2101,112.6,10.6,5,12,1011.4,0,0,G0,0
T,2102,112.6,9.4,5,12,1011.4,0,0,G0,0
T,2201,98.6,71.8,5,12,1011.4,0,0,G0,0
T,2202,99.9,71.2,5,12,1011.5,0,0,G0,0
T,2301,94.4,79.4,5,12,1011.4,0,0,G0,0
T,2302,96.5,79.2,5,12,1011.5,0,0,G0,0
T,2401,7.5,66.6,5,12,1011.4,0,0,G0,0
T,2402,6.1,67.3,5,12,1011.5,0,0,G0,0
T,2101,113.5,10.6,5,12,1011.5,0,0,G0,0
T,2102,113.5,9.4,5,12,1011.5,0,0,G0,0
T,2101,114.4,10.6,5,12,1011.6,0,0,G0,0
T,2102,114.4,9.4,5,12,1011.6,0,0,G0,0
T,2201,100.1,72.7,5,12,1011.6,0,0,G0,0
T,2202,101.5,72.1,5,12,1011.7,0,0,G0,0
T,2301,97.4,81.2,5,12,1011.6,0,0,G0,0
T,2302,99.5,81.0,5,12,1011.7,0,0,G0,0
T,2401,5.8,65.8,5,12,1011.6,0,0,G0,0
T,2402,4.4,66.3,5,12,1011.7,0,0,G0,0
T,2101,115.3,10.6,5,12,1011.7,0,0,G0,0
T,2102,115.3,9.4,5,12,1011.7,0,0,G0,0
T,2101,116.2,10.6,5,12,1011.8,0,0,G0,0
T,2102,116.2,9.4,5,12,1011.8,0,0,G0,0
T,2201,101.7,73.6,5,12,1011.8,0,0,G0,0
T,2202,103.1,73.0,5,12,1011.9,0,0,G0,0
T,2301,100.4,82.9,5,12,1011.8,0,0,G0,0
T,2302,102.6,82.8,5,12,1011.9,0,0,G0,0
T,2401,4.2,64.8,5,12,1011.8,0,0,G0,0
T,2402,2.8,65.3,5,12,1011.9,0,0,G0,0
T,2101,117.1,10.6,5,12,1011.9,0,0,G0,0
T,2102,117.1,9.4,5,12,1011.9,0,0,G0,0
T,2101,118.0,10.6,5,12,1012.0,0,0,G0,0
T,2102,118.0,9.4,5,12,1012.0,0,0,G0,0
T,2201,103.2,74.5,5,12,1012.0,0,0,G0,0
T,2202,104.6,73.9,5,12,1012.1,0,0,G0,0
T,2301,103.5,84.7,5,12,1012.0,0,0,G0,0
T,2302,105.7,84.6,5,12,1012.1,0,0,G0,0
T,2401,2.7,63.8,5,12,1012.0,0,0,G0,0
T,2402,1.2,64.2,5,12,1012.1,0,0,G0,0
T,2101,118.9,10.6,5,12,1012.1,0,0,G0,0
T,2102,118.9,9.4,5,12,1012.1,0,0,G0,0
T,2101,119.8,10.6,5,12,1012.2,0,0,G0,0
T,2102,119.8,9.4,5,12,1012.2,0,0,G0,0
T,2201,104.8,75.4,5,12,1012.2,0,0,G0,0
T,2202,106.2,74.8,5,12,1012.3,0,0,G0,0
T,2301,106.7,86.5,5,12,1012.2,0,0,G0,0
T,2302,108.9,86.4,5,12,1012.3,0,0,G0,0
T,2401,1.3,62.7,5,12,1012.2,0,0,G0,0
T,2402,-0.2,63.0,5,12,1012.3,0,0,G0,0
T,2101,120.7,10.6,5,12,1012.3,0,0,G0,0
T,2102,120.7,9.4,5,12,1012.3,0,0,G0,0
T,2101,121.6,10.6,5,12,1012.4,0,0,G0,0
T,2102,121.6,9.4,5,12,1012.4,0,0,G0,0
T,2201,106.3,76.3,5,12,1012.4,0,0,G0,0
T,2202,107.7,75.7,5,12,1012.5,0,0,G0,0
T,2301,109.9,88.4,5,12,1012.4,0,0,G0,0
T,2302,112.1,88.3,5,12,1012.5,0,0,G0,0
T,2401,-0.1,61.4,5,12,1012.4,0,0,G0,0
T,2402,-1.6,61.6,5,12,1012.5,0,0,G0,0
T,2101,122.5,10.6,5,12,1012.5,0,0,G0,0
T,2102,122.5,9.4,5,12,1012.5,0,0,G0,0
T,2101,123.4,10.6,5,12,1012.6,0,0,G0,0
T,2102,123.4,9.4,5,12,1012.6,0,0,G0,0
T,2201,107.9,77.2,5,12,1012.6,0,0,G0,0
T,2202,109.3,76.6,5,12,1012.7,0,0,G0,0
T,2301,113.1,90.2,5,12,1012.6,0,0,G0,0
T,2302,115.4,90.2,5,12,1012.7,0,0,G0,0
T,2401,-1.4,60.1,5,12,1012.6,0,0,G0,0
T,2402,-3.0,60.2,5,12,1012.7,0,0,G0,0
T,2101,124.3,10.6,5,12,1012.7,0,0,G0,0
T,2102,124.3,9.4,5,12,1012.7,0,0,G0,0
T,2101,125.2,10.6,5,12,1012.8,0,0,G0,0
T,2102,125.2,9.4,5,12,1012.8,0,0,G0,0
T,2201,109.5,78.1,5,12,1012.8,0,0,G0,0
T,2202,110.8,77.5,5,12,1012.9,0,0,G0,0
T,2301,116.4,92.2,5,12,1012.8,0,0,G0,0
T,2302,118.7,92.1,5,12,1012.9,0,0,G0,0
T,2401,-2.7,58.7,5,12,1012.8,0,0,G0,0
T,2402,-4.2,58.8,5,12,1012.9,0,0,G0,0
T,2101,126.1,10.6,5,12,1012.9,0,0,G0,0
T,2102,126.1,9.4,5,12,1012.9,0,0,G0,0
T,2101,127.0,10.6,5,12,1013.0,0,0,G0,0
T,2102,127.0,9.4,5,12,1013.0,0,0,G0,0
T,2201,111.0,79.0,5,12,1013.0,0,0,G0,0
T,2202,112.4,78.4,5,12,1013.1,0,0,G0,0
T,2301,119.8,94.1,5,12,1013.0,0,0,G0,0
T,2302,122.1,94.0,5,12,1013.1,0,0,G0,0
T,2401,-3.8,57.3,5,12,1013.0,0,0,G0,0
T,2402,-5.3,57.2,5,12,1013.1,0,0,G0,0
T,2101,127.9,10.6,5,12,1013.1,0,0,G0,0
T,2102,127.9,9.4,5,12,1013.1,0,0,G0,0
T,2101,128.8,10.6,5,12,1013.2,0,0,G0,0
T,2102,128.8,9.4,5,12,1013.2,0,0,G0,0
T,2201,112.6,79.9,5,12,1013.2,0,0,G0,0
T,2202,114.0,79.3,5,12,1013.3,0,0,G0,0
T,2301,123.2,96.1,5,12,1013.2,0,0,G0,0
T,2302,125.5,96.0,5,12,1013.3,0,0,G0,0
T,2401,-4.8,55.8,5,12,1013.2,0,0,G0,0
T,2402,-6.3,55.6,5,12,1013.3,0,0,G0,0
T,2101,129.7,10.6,5,12,1013.3,0,0,G0,0
T,2102,129.7,9.4,5,12,1013.3,0,0,G0,0
T,2101,130.6,10.6,5,12,1013.4,0,0,G0,0
T,2102,130.6,9.4,5,12,1013.4,0,0,G0,0
T,2201,114.1,80.8,5,12,1013.4,0,0,G0,0
T,2202,115.5,80.2,5,12,1013.5,0,0,G0,0
T,2301,126.7,98.1,5,12,1013.4,0,0,G0,0
T,2302,129.0,98.0,5,12,1013.5,0,0,G0,0
T,2401,-5.8,54.2,5,12,1013.4,0,0,G0,0
T,2402,-7.3,53.9,5,12,1013.5,0,0,G0,0
T,2101,131.5,10.6,5,12,1013.5,0,0,G0,0
T,2102,131.5,9.4,5,12,1013.5,0,0,G0,0
T,2101,132.4,10.6,5,12,1013.6,0,0,G0,0
T,2102,132.4,9.4,5,12,1013.6,0,0,G0,0
T,2201,115.7,81.7,5,12,1013.6,0,0,G0,0
T,2202,117.1,81.1,5,12,1013.7,0,0,G0,0
T,2301,130.2,100.1,5,12,1013.6,0,0,G0,0
T,2302,132.6,100.1,5,12,1013.7,0,0,G0,0
T,2401,-6.6,52.5,5,12,1013.6,0,0,G0,0
T,2402,-8.1,52.2,5,12,1013.7,0,0,G0,0
T,2101,133.3,10.6,5,12,1013.7,0,0,G0,0
T,2102,133.3,9.4,5,12,1013.7,0,0,G0,0
T,2101,134.2,10.6,5,12,1013.8,0,0,G0,0
T,2102,134.2,9.4,5,12,1013.8,0,0,G0,0
T,2201,117.3,82.6,5,12,1013.8,0,0,G0,0
T,2202,118.6,82.0,5,12,1013.9,0,0,G0,0
T,2301,133.8,102.1,5,12,1013.8,0,0,G0,0
T,2302,136.2,102.1,5,12,1013.9,0,0,G0,0
T,2401,-7.3,50.8,5,12,1013.8,0,0,G0,0
T,2402,-8.8,50.4,5,12,1013.9,0,0,G0,0
T,2101,135.1,10.6,5,12,1013.9,0,0,G0,0
T,2102,135.1,9.4,5,12,1013.9,0,0,G0,0
T,2101,136.0,10.6,5,12,1014.0,0,0,G0,0
T,2102,136.0,9.4,5,12,1014.0,0,0,G0,0
T,2201,118.8,83.5,5,12,1014.0,0,0,G0,0
T,2202,120.2,82.9,5,12,1014.1,0,0,G0,0
T,2301,137.4,104.2,5,12,1014.0,0,0,G0,0
T,2302,139.8,104.2,5,12,1014.1,0,0,G0,0
T,2401,-8.0,49.1,5,12,1014.0,0,0,G0,0
T,2402,-9.4,48.5,5,12,1014.1,0,0,G0,0
T,2101,136.9,10.6,5,12,1014.1,0,0,G0,0
T,2102,136.9,9.4,5,12,1014.1,0,0,G0,0
T,2101,137.8,10.6,5,12,1014.2,0,0,G0,0
T,2102,137.8,9.4,5,12,1014.2,0,0,G0,0
T,2201,120.4,84.4,5,12,1014.2,0,0,G0,0
T,2202,121.8,83.8,5,12,1014.3,0,0,G0,0
T,2301,141.0,106.3,5,12,1014.2,0,0,G0,0
T,2302,143.5,106.4,5,12,1014.3,0,0,G0,0
T,2401,-8.5,47.3,5,12,1014.2,0,0,G0,0
T,2402,-9.9,46.7,5,12,1014.3,0,0,G0,0
T,2101,138.7,10.6,5,12,1014.3,0,0,G0,0
T,2102,138.7,9.4,5,12,1014.3,0,0,G0,0
T,2101,139.6,10.6,5,12,1014.4,0,0,G0,0
T,2102,139.6,9.4,5,12,1014.4,0,0,G0,0
T,2201,121.9,85.3,5,12,1014.4,0,0,G0,0
T,2202,123.3,84.7,5,12,1014.5,0,0,G0,0
T,2301,144.8,108.5,5,12,1014.4,0,0,G0,0
T,2302,147.2,108.5,5,12,1014.5,0,0,G0,0
T,2401,-8.9,45.5,5,12,1014.4,0,0,G0,0
T,2402,-10.2,44.8,5,12,1014.5,0,0,G0,0
T,2101,140.5,10.6,5,12,1014.5,0,0,G0,0
T,2102,140.5,9.4,5,12,1014.5,0,0,G0,0
T,2101,141.4,10.6,5,12,1014.6,0,0,G0,0
T,2102,141.4,9.4,5,12,1014.6,0,0,G0,0
T,2201,123.5,86.2,5,12,1014.6,0,0,G0,0
T,2202,124.9,85.6,5,12,1014.7,0,0,G0,0
T,2301,148.5,110.7,5,12,1014.6,0,0,G0,0
T,2302,151.0,110.7,5,12,1014.7,0,0,G0,0
T,2401,-9.2,43.7,5,12,1014.6,0,0,G0,0
T,2402,-10.5,42.9,5,12,1014.7,0,0,G0,0
T,2101,142.3,10.6,5,12,1014.7,0,0,G0,0
T,2102,142.3,9.4,5,12,1014.7,0,0,G0,0
T,2101,143.2,10.6,5,12,1014.8,0,0,G0,0
T,2102,143.2,9.4,5,12,1014.8,0,0,G0,0
T,2201,125.1,87.1,5,12,1014.8,0,0,G0,0
T,2202,126.4,86.5,5,12,1014.9,0,0,G0,0
T,2301,152.4,112.9,5,12,1014.8,0,0,G0,0
T,2302,154.9,113.0,5,12,1014.9,0,0,G0,0
T,2401,-9.3,41.8,5,12,1014.8,0,0,G0,0
T,2402,-10.6,41.0,5,12,1014.9,0,0,G0,0
T,2101,144.1,10.6,5,12,1014.9,0,0,G0,0
T,2102,144.1,9.4,5,12,1014.9,0,0,G0,0
T,2101,145.0,10.6,5,12,1015.0,0,0,G0,0
T,2102,145.0,9.4,5,12,1015.0,0,0,G0,0
T,2201,126.6,88.0,5,12,1015.0,0,0,G0,0
T,2202,128.0,87.4,5,12,1015.1,0,0,G0,0
T,2301,156.2,115.1,5,12,1015.0,0,0,G0,0
T,2302,158.8,115.2,5,12,1015.1,0,0,G0,0
T,2401,-9.4,40.0,5,12,1015.0,0,0,G0,0
T,2402,-10.6,39.0,5,12,1015.1,0,0,G0,0
T,2101,145.9,10.6,5,12,1015.1,0,0,G0,0
T,2102,145.9,9.4,5,12,1015.1,0,0,G0,0
T,2101,146.8,10.6,5,12,1015.2,0,0,G0,0
T,2102,146.8,9.4,5,12,1015.2,0,0,G0,0
T,2201,128.2,88.9,5,12,1015.2,0,0,G0,0
T,2202,129.6,88.3,5,12,1015.3,0,0,G0,0
T,2301,160.2,117.4,5,12,1015.2,0,0,G0,0
T,2302,162.7,117.5,5,12,1015.3,0,0,G0,0
T,2401,-9.3,38.2,5,12,1015.2,0,0,G0,0
T,2402,-10.5,37.1,5,12,1015.3,0,0,G0,0
T,2101,147.7,10.6,5,12,1015.3,0,0,G0,0
T,2102,147.7,9.4,5,12,1015.3,0,0,G0,0
T,2101,148.6,10.6,5,12,1015.4,0,0,G0,0
T,2102,148.6,9.4,5,12,1015.4,0,0,G0,0
T,2201,129.7,89.8,5,12,1015.4,0,0,G0,0
T,2202,131.1,89.2,5,12,1015.5,0,0,G0,0
T,2301,164.1,119.7,5,12,1015.4,0,0,G0,0
T,2302,166.7,119.8,5,12,1015.5,0,0,G0,0
T,2401,-9.2,36.3,5,12,1015.4,0,0,G0,0
T,2402,-10.2,35.2,5,12,1015.5,0,0,G0,0
T,2101,149.5,10.6,5,12,1015.5,0,0,G0,0
T,2102,149.5,9.4,5,12,1015.5,0,0,G0,0
T,2101,150.4,10.6,5,12,1015.6,0,0,G0,0
T,2102,150.4,9.4,5,12,1015.6,0,0,G0,0
T,2201,131.3,90.7,5,12,1015.6,0,0,G0,0
T,2202,132.7,90.1,5,12,1015.7,0,0,G0,0
T,2301,168.2,122.0,5,12,1015.6,0,0,G0,0
T,2302,170.8,122.1,5,12,1015.7,0,0,G0,0
T,2401,-8.9,34.5,5,12,1015.6,0,0,G0,0
T,2402,-9.9,33.3,5,12,1015.7,0,0,G0,0
T,2101,151.3,10.6,5,12,1015.7,0,0,G0,0
T,2102,151.3,9.4,5,12,1015.7,0,0,G0,0
T,2101,152.2,10.6,5,12,1015.8,0,0,G0,0
T,2102,152.2,9.4,5,12,1015.8,0,0,G0,0
T,2201,132.8,91.6,5,12,1015.8,0,0,G0,0
T,2202,134.2,91.0,5,12,1015.9,0,0,G0,0
T,2301,172.3,124.4,5,12,1015.8,0,0,G0,0
T,2302,174.9,124.5,5,12,1015.9,0,0,G0,0
T,2401,-8.5,32.7,5,12,1015.8,0,0,G0,0
T,2402,-9.4,31.5,5,12,1015.9,0,0,G0,0
T,2101,153.1,10.6,5,12,1015.9,0,0,G0,0
T,2102,153.1,9.4,5,12,1015.9,0,0,G0,0
T,2101,154.0,10.6,5,12,1016.0,0,0,G0,0
T,2102,154.0,9.4,5,12,1016.0,0,0,G0,0
T,2201,134.4,92.5,5,12,1016.0,0,0,G0,0
T,2202,135.8,91.9,5,12,1016.1,0,0,G0,0
T,2301,176.4,126.8,5,12,1016.0,0,0,G0,0
T,2302,179.1,126.9,5,12,1016.1,0,0,G0,0
T,2401,-8.0,30.9,5,12,1016.0,0,0,G0,0
T,2402,-8.8,29.6,5,12,1016.1,0,0,G0,0
T,2101,154.9,10.6,5,12,1016.1,0,0,G0,0
T,2102,154.9,9.4,5,12,1016.1,0,0,G0,0
T,2101,155.8,10.6,5,12,1016.2,0,0,G0,0
T,2102,155.8,9.4,5,12,1016.2,0,0,G0,0
T,2201,136.0,93.4,5,12,1016.2,0,0,G0,0
T,2202,137.3,92.8,5,12,1016.3,0,0,G0,0
T,2301,180.6,129.2,5,12,1016.2,0,0,G0,0
T,2302,183.3,129.4,5,12,1016.3,0,0,G0,0
T,2401,-7.3,29.2,5,12,1016.2,0,0,G0,0
T,2402,-8.1,27.8,5,12,1016.3,0,0,G0,0
T,2101,156.7,10.6,5,12,1016.3,0,0,G0,0
T,2102,156.7,9.4,5,12,1016.3,0,0,G0,0
T,2101,157.6,10.6,5,12,1016.4,0,0,G0,0
T,2102,157.6,9.4,5,12,1016.4,0,0,G0,0
T,2201,137.5,94.3,5,12,1016.4,0,0,G0,0
T,2202,138.9,93.7,5,12,1016.5,0,0,G0,0
T,2301,184.8,131.6,5,12,1016.4,0,0,G0,0
T,2302,187.6,131.8,5,12,1016.5,0,0,G0,0
T,2401,-6.6,27.5,5,12,1016.4,0,0,G0,0
T,2402,-7.3,26.1,5,12,1016.5,0,0,G0,0
T,2101,158.5,10.6,5,12,1016.5,0,0,G0,0
T,2102,158.5,9.4,5,12,1016.5,0,0,G0,0
T,2101,159.4,10.6,5,12,1016.6,0,0,G0,0
T,2102,159.4,9.4,5,12,1016.6,0,0,G0,0
T,2201,139.1,95.2,5,12,1016.6,0,0,G0,0
T,2202,140.5,94.6,5,12,1016.7,0,0,G0,0
T,2301,189.1,134.1,5,12,1016.6,0,0,G0,0
T,2302,191.9,134.3,5,12,1016.7,0,0,G0,0
T,2401,-5.8,25.8,5,12,1016.6,0,0,G0,0
T,2402,-6.3,24.4,5,12,1016.7,0,0,G0,0
T,2101,160.3,10.6,5,12,1016.7,0,0,G0,0
T,2102,160.3,9.4,5,12,1016.7,0,0,G0,0
T,2101,161.2,10.6,5,12,1016.8,0,0,G0,0
T,2102,161.2,9.4,5,12,1016.8,0,0,G0,0
T,2201,140.6,96.1,5,12,1016.8,0,0,G0,0
T,2202,142.0,95.5,5,12,1016.9,0,0,G0,0
T,2301,193.5,136.6,5,12,1016.8,0,0,G0,0
T,2302,196.2,136.8,5,12,1016.9,0,0,G0,0
T,2401,-4.8,24.2,5,12,1016.8,0,0,G0,0
T,2402,-5.3,22.8,5,12,1016.9,0,0,G0,0
T,2101,162.1,10.6,5,12,1016.9,0,0,G0,0
T,2102,162.1,9.4,5,12,1016.9,0,0,G0,0
T,2101,163.0,10.6,5,12,1017.0,0,0,G0,0
T,2102,163.0,9.4,5,12,1017.0,0,0,G0,0
T,2201,142.2,97.0,5,12,1017.0,0,0,G0,0
T,2202,143.6,96.4,5,12,1017.1,0,0,G0,0
T,2301,197.9,139.1,5,12,1017.0,0,0,G0,0
T,2302,200.7,139.4,5,12,1017.1,0,0,G0,0
T,2401,-3.8,22.7,5,12,1017.0,0,0,G0,0
T,2402,-4.2,21.2,5,12,1017.1,0,0,G0,0
T,2101,163.9,10.6,5,12,1017.1,0,0,G0,0
T,2102,163.9,9.4,5,12,1017.1,0,0,G0,0
T,2101,164.8,10.6,5,12,1017.2,0,0,G0,0
T,2102,164.8,9.4,5,12,1017.2,0,0,G0,0
T,2201,143.8,97.9,5,12,1017.2,0,0,G0,0
T,2202,145.1,97.3,5,12,1017.3,0,0,G0,0
T,2301,202.3,141.7,5,12,1017.2,0,0,G0,0
T,2302,205.1,142.0,5,12,1017.3,0,0,G0,0
T,2401,-2.7,21.3,5,12,1017.2,0,0,G0,0
T,2402,-3.0,19.8,5,12,1017.3,0,0,G0,0
T,2101,165.7,10.6,5,12,1017.3,0,0,G0,0
T,2102,165.7,9.4,5,12,1017.3,0,0,G0,0
T,2101,166.6,10.6,5,12,1017.4,0,0,G0,0
T,2102,166.6,9.4,5,12,1017.4,0,0,G0,0
T,2201,145.3,98.8,5,12,1017.4,0,0,G0,0
T,2202,146.7,98.2,5,12,1017.5,0,0,G0,0
T,2301,206.8,144.3,5,12,1017.4,0,0,G0,0
T,2302,209.7,144.6,5,12,1017.5,0,0,G0,0
T,2401,-1.4,19.9,5,12,1017.4,0,0,G0,0
T,2402,-1.6,18.4,5,12,1017.5,0,0,G0,0
T,2101,167.5,10.6,5,12,1017.5,0,0,G0,0
T,2102,167.5,9.4,5,12,1017.5,0,0,G0,0
T,2101,168.4,10.6,5,12,1017.6,0,0,G0,0
T,2102,168.4,9.4,5,12,1017.6,0,0,G0,0
T,2201,146.9,99.7,5,12,1017.6,0,0,G0,0
T,2202,148.3,99.1,5,12,1017.7,0,0,G0,0
T,2301,211.4,146.9,5,12,1017.6,0,0,G0,0
T,2302,214.2,147.2,5,12,1017.7,0,0,G0,0
T,2401,-0.1,18.6,5,12,1017.6,0,0,G0,0
T,2402,-0.2,17.0,5,12,1017.7,0,0,G0,0
T,2101,169.3,10.6,5,12,1017.7,0,0,G0,0
T,2102,169.3,9.4,5,12,1017.7,0,0,G0,0
T,2101,170.2,10.6,5,12,1017.8,0,0,G0,0
T,2102,170.2,9.4,5,12,1017.8,0,0,G0,0
T,2201,148.4,100.6,5,12,1017.8,0,0,G0,0
T,2202,149.8,100.0,5,12,1017.9,0,0,G0,0
T,2301,216.0,149.6,5,12,1017.8,0,0,G0,0
T,2302,218.9,149.9,5,12,1017.9,0,0,G0,0
T,2401,1.3,17.3,5,12,1017.8,0,0,G0,0
T,2402,1.2,15.8,5,12,1017.9,0,0,G0,0
T,2101,171.1,10.6,5,12,1017.9,0,0,G0,0
T,2102,171.1,9.4,5,12,1017.9,0,0,G0,0
T,2101,172.0,10.6,5,12,1018.0,0,0,G0,0
T,2102,172.0,9.4,5,12,1018.0,0,0,G0,0
T,2201,150.0,101.5,5,12,1018.0,0,0,G0,0
T,2202,151.4,100.9,5,12,1018.1,0,0,G0,0
T,2301,220.6,152.3,5,12,1018.0,0,0,G0,0
T,2302,223.6,152.6,5,12,1018.1,0,0,G0,0
T,2401,2.7,16.2,5,12,1018.0,0,0,G0,0
T,2402,2.8,14.7,5,12,1018.1,0,0,G0,0
T,2101,172.9,10.6,5,12,1018.1,0,0,G0,0
T,2102,172.9,9.4,5,12,1018.1,0,0,G0,0
T,2101,173.8,10.6,5,12,1018.2,0,0,G0,0
T,2102,173.8,9.4,5,12,1018.2,0,0,G0,0
T,2201,151.6,102.4,5,12,1018.2,0,0,G0,0
T,2202,152.9,101.8,5,12,1018.3,0,0,G0,0
T,2301,225.3,155.0,5,12,1018.2,0,0,G0,0
T,2302,228.3,155.3,5,12,1018.3,0,0,G0,0
T,2401,4.2,15.2,5,12,1018.2,0,0,G0,0
T,2402,4.4,13.7,5,12,1018.3,0,0,G0,0
T,2101,174.7,10.6,5,12,1018.3,0,0,G0,0
T,2102,174.7,9.4,5,12,1018.3,0,0,G0,0
T,2101,175.6,10.6,5,12,1018.4,0,0,G0,0
T,2102,175.6,9.4,5,12,1018.4,0,0,G0,0
T,2201,153.1,103.3,5,12,1018.4,0,0,G0,0
T,2202,154.5,102.7,5,12,1018.5,0,0,G0,0
T,2301,230.1,157.8,5,12,1018.4,0,0,G0,0
T,2302,233.1,158.1,5,12,1018.5,0,0,G0,0
T,2401,5.8,14.2,5,12,1018.4,0,0,G0,0
T,2402,6.1,12.7,5,12,1018.5,0,0,G0,0
T,2101,176.5,10.6,5,12,1018.5,0,0,G0,0
T,2102,176.5,9.4,5,12,1018.5,0,0,G0,0
T,2101,177.4,10.6,5,12,1018.6,0,0,G0,0
T,2102,177.4,9.4,5,12,1018.6,0,0,G0,0
T,2201,154.7,104.2,5,12,1018.6,0,0,G0,0
T,2202,156.1,103.6,5,12,1018.7,0,0,G0,0
T,2301,234.9,160.5,5,12,1018.6,0,0,G0,0
T,2302,237.9,160.9,5,12,1018.7,0,0,G0,0
T,2401,7.5,13.4,5,12,1018.6,0,0,G0,0
T,2402,7.8,11.9,5,12,1018.7,0,0,G0,0
T,2101,178.3,10.6,5,12,1018.7,0,0,G0,0
T,2102,178.3,9.4,5,12,1018.7,0,0,G0,0
T,2101,179.2,10.6,5,12,1018.8,0,0,G0,0
T,2102,179.2,9.4,5,12,1018.8,0,0,G0,0
T,2201,156.2,105.1,5,12,1018.8,0,0,G0,0
T,2202,157.6,104.5,5,12,1018.9,0,0,G0,0
T,2301,239.8,163.3,5,12,1018.8,0,0,G0,0
T,2302,242.8,163.7,5,12,1018.9,0,0,G0,0
T,2401,9.2,12.7,5,12,1018.8,0,0,G0,0
T,2402,9.6,11.2,5,12,1018.9,0,0,G0,0
T,2101,180.1,10.6,5,12,1018.9,0,0,G0,0
T,2102,180.1,9.4,5,12,1018.9,0,0,G0,0
T,2101,181.0,10.6,5,12,1019.0,0,0,G0,0
T,2102,181.0,9.4,5,12,1019.0,0,0,G0,0
T,2201,157.8,106.0,5,12,1019.0,0,0,G0,0
T,2202,159.2,105.4,5,12,1019.1,0,0,G0,0
T,2301,244.7,166.2,5,12,1019.0,0,0,G0,0
T,2302,247.7,166.6,5,12,1019.1,0,0,G0,0
T,2401,10.9,12.0,5,12,1019.0,0,0,G0,0
T,2402,11.5,10.6,5,12,1019.1,0,0,G0,0
T,2101,181.9,10.6,5,12,1019.1,0,0,G0,0
T,2102,181.9,9.4,5,12,1019.1,0,0,G0,0
T,2101,182.8,10.6,5,12,1019.2,0,0,G0,0
T,2102,182.8,9.4,5,12,1019.2,0,0,G0,0
T,2201,159.3,106.9,5,12,1019.2,0,0,G0,0
T,2202,160.7,106.3,5,12,1019.3,0,0,G0,0
T,2301,249.6,169.0,5,12,1019.2,0,0,G0,0
T,2302,252.7,169.5,5,12,1019.3,0,0,G0,0
T,2401,12.7,11.5,5,12,1019.2,0,0,G0,0
T,2402,13.3,10.1,5,12,1019.3,0,0,G0,0
T,2101,183.7,10.6,5,12,1019.3,0,0,G0,0
T,2102,183.7,9.4,5,12,1019.3,0,0,G0,0
T,2101,184.6,10.6,5,12,1019.4,0,0,G0,0
T,2102,184.6,9.4,5,12,1019.4,0,0,G0,0
T,2201,160.9,107.8,5,12,1019.4,0,0,G0,0
T,2202,162.3,107.2,5,12,1019.5,0,0,G0,0
T,2301,254.7,171.9,5,12,1019.4,0,0,G0,0
T,2302,257.8,172.4,5,12,1019.5,0,0,G0,0
T,2401,14.5,11.1,5,12,1019.4,0,0,G0,0
T,2402,15.2,9.8,5,12,1019.5,0,0,G0,0
T,2101,185.5,10.6,5,12,1019.5,0,0,G0,0
T,2102,185.5,9.4,5,12,1019.5,0,0,G0,0
T,2101,186.4,10.6,5,12,1019.6,0,0,G0,0
T,2102,186.4,9.4,5,12,1019.6,0,0,G0,0
T,2201,162.5,108.7,5,12,1019.6,0,0,G0,0
T,2202,163.8,108.1,5,12,1019.7,0,0,G0,0
T,2301,259.7,174.9,5,12,1019.6,0,0,G0,0
T,2302,262.9,175.3,5,12,1019.7,0,0,G0,0
T,2401,16.3,10.8,5,12,1019.6,0,0,G0,0
T,2402,17.1,9.5,5,12,1019.7,0,0,G0,0
T,2101,187.3,10.6,5,12,1019.7,0,0,G0,0
T,2102,187.3,9.4,5,12,1019.7,0,0,G0,0
T,2101,188.2,10.6,5,12,1019.8,0,0,G0,0
T,2102,188.2,9.4,5,12,1019.8,0,0,G0,0
T,2201,164.0,109.6,5,12,1019.8,0,0,G0,0
T,2202,165.4,109.0,5,12,1019.9,0,0,G0,0
T,2301,264.9,177.8,5,12,1019.8,0,0,G0,0
T,2302,268.0,178.3,5,12,1019.9,0,0,G0,0
T,2401,18.2,10.7,5,12,1019.8,0,0,G0,0
T,2402,19.0,9.4,5,12,1019.9,0,0,G0,0
T,2101,189.1,10.6,5,12,1019.9,0,0,G0,0
T,2102,189.1,9.4,5,12,1019.9,0,0,G0,0
T,2101,190.0,10.6,5,12,1020.0,0,0,G0,0
T,2102,190.0,9.4,5,12,1020.0,0,0,G0,0
T,2201,165.6,110.5,5,12,1020.0,0,0,G0,0
T,2202,167.0,109.9,5,12,1020.1,0,0,G0,0
T,2301,270.0,180.8,5,12,1020.0,0,0,G0,0
T,2302,273.2,181.3,5,12,1020.1,0,0,G0,0
T,2401,20.0,10.6,5,12,1020.0,0,0,G0,0
T,2402,21.0,9.4,5,12,1020.1,0,0,G0,0
